Word,Count,"Total Broad Searches","Total Exact Searches"
пластиковые,1346,5749044,210353
окна,1696,9948551,365136
киев,42,140141,14551
спб,12,24730,2724
самара,6,3460,566
харьков,14,32400,4148
днепропетровск,4,2290,356
екатеринбург,10,6513,1206
воронеж,8,4320,841
мытищи,2,390,210
kaleva,2,480,170
балашиха,2,480,170
саратов,4,1510,700
казань,6,6800,1056
химки,2,390,170
волгоград,4,1470,571
краснодар,2,1600,480
нижний,6,4380,1008
новгород,6,4380,1008
уфа,6,2770,587
в,224,656940,18033
челябинск,4,1470,681
донецк,8,6980,1406
красноярск,2,590,260
киров,2,720,320
санкт,2,480,140
петербург,4,4880,350
люберцы,2,480,140
омск,4,1050,333
оренбург,2,720,260
тюмень,4,990,378
ижевск,4,553,232
белгород,2,480,260
минск,4,5280,2160
пермь,4,811,232
ярославль,4,681,246
тверь,2,480,170
калининград,2,590,170
липецк,2,390,170
тула,4,1470,182
чебоксары,2,480,320
владивосток,2,390,210
украина,4,930,86
хабаровск,2,720,260
пенза,2,480,140
томск,2,880,320
одинцово,4,1440,280
иркутск,4,700,282
одесса,4,5800,1210
петрозаводск,2,170,73
барнаул,2,480,170
новосибирск,8,4320,863
серпухов,2,140,73
зеленоград,2,480,210
цена,58,541700,8637
подольск,2,590,170
пушкино,2,320,140
сургут,2,320,110
рязань,2,480,140
смоленск,2,260,91
набережные,2,260,110
челны,2,260,110
новокузнецк,2,210,73
ростов,4,1390,231
полтава,2,320,73
курск,2,260,73
луганск,2,480,110
псков,2,170,73
долгопрудный,2,260,91
архангельск,2,210,73
обнинск,2,140,73
кемерово,4,640,132
брянск,2,210,91
лобня,2,260,110
ставрополь,2,260,91
раменское,2,140,73
реутов,2,260,110
на,144,1366912,19218
дону,4,780,119
истра,2,210,91
иваново,2,210,91
орехово-зуево,2,73,46
житомир,2,390,58
черкассы,2,320,46
калькулятор,24,60460,3419
львов,2,110,28
звенигород,2,140,58
калуга,2,880,140
ульяновск,2,590,260
тольятти,4,780,176
абакан,2,91,28
чита,2,110,36
щелково,2,320,140
красногорск,2,260,140
симферополь,2,720,140
винница,2,480,110
дмитров,2,210,110
воскресенск,2,110,16
москва,62,155205,9698
цены,220,788758,28505
rehau,42,210340,11305
г,2,390,320
купить,52,320846,12774
пвх,218,1281504,52593
отличные,2,260,210
деревянные,30,195090,15161
дешево,12,14980,2240
жалюзи,52,72559,8813
пластиковый,6,648,234
kbe,10,13563,2019
стоимость,36,153650,5405
установка,62,257666,14708
дешевые,20,57800,3681
самые,10,3700,996
москве,48,81890,5251
где,6,35590,1120
киеве,10,33400,1224
готовые,10,5620,1640
от,26,20266,2517
производителя,22,17386,2207
евроокна,28,53201,6286
рулонные,6,2440,1250
горизонтальные,4,1440,520
как,38,55790,4556
установить,18,87020,1406
монтаж,10,78640,3083
крепление,2,480,91
вертикальные,2,480,73
крепить,2,480,91
фото,6,5060,656
заказать,20,58740,4310
лучше,24,26460,1988
заказ,18,43130,3010
самаре,8,2380,300
украине,4,930,32
расчет,20,22520,2910
стоимости,8,4740,1050
пластиковых,88,1007190,26232
окон,138,1276748,40537
недорого,8,12500,1360
лучшие,24,10810,2426
стеклопакеты,58,403720,11646
размеры,14,8550,1570
со,6,14820,1130
стеклопакетами,4,12420,740
выбрать,22,28060,2328
правильно,6,1170,520
форум,12,29890,941
с,12,12730,1322
форточкой,4,1170,590
климат,2,590,480
контролем,2,590,480
вентиляцией,2,480,170
завода,2,590,46
профиль,22,69670,3501
отзывы,26,35693,3638
и,30,129460,3388
рехау,18,55480,6640
металлопластиковые,50,234410,22249
изготовление,18,57560,4160
откосов,2,880,320
их,2,36,12
жалюзей,2,110,16
прайс,8,3780,780
лист,2,320,170
какие,30,484890,2251
поставить,8,7520,408
скидки,14,13620,1822
кредит,8,13891,1772
veka,18,61250,4470
недорогие,8,26300,2000
века,12,30310,4970
21,2,720,260
профили,14,16790,991
металлопластиковых,6,3790,781
оконные,4,4000,490
двери,28,123700,6271
качественные,8,2980,846
самому,2,590,36
для,32,419560,6771
дачи,12,17480,2240
деревянного,2,1600,260
дома,4,5200,470
квартиры,2,4400,210
балкона,2,3600,260
крыши,2,1600,260
коттеджа,2,480,320
москитные,6,6400,1291
сетки,8,8300,1501
производство,30,108000,6613
окно,32,203140,3679
сколько,4,2900,870
стоит,2,1300,480
пластиковое,22,43840,2983
металлопластиковое,2,1600,110
вставить,6,2150,286
производители,18,45840,1909
раздвижные,6,3000,600
из,12,258570,2351
эконом,6,1370,690
балкон,6,9190,1010
деревянный,2,720,210
дом,4,2620,350
дверей,4,650,176
московские,8,10020,2692
гост,6,5700,229
алматы,8,7720,1599
пластика,2,27100,140
производитель,10,14000,750
ремонт,8,23600,3352
компании,14,12320,744
дизайн,2,58,36
пластиков,4,2540,280
теплые,4,580,310
балконные,2,390,110
блоки,2,210,170
окнах,8,29750,1690
все,2,880,720
о,6,2800,1370
продажа,14,36300,5660
стеклопакетов,14,25260,2843
качество,6,2140,195
цветные,6,2210,660
фурнитура,10,24870,2886
к,2,170,140
пластиковым,2,170,140
окнам,2,170,140
профиля,4,1590,430
рассчитать,8,8700,1430
пластикового,22,31841,1907
регулировка,4,5720,310
конструкция,6,880,297
выбор,6,1411,599
расчитать,2,1000,170
туле,4,1470,553
саратове,4,1510,176
воронеже,4,1810,95
фирмы,8,6280,633
или,2,2400,58
остекление,10,19900,2050
балконов,4,3200,1040
пластиковыми,4,3700,1200
окнами,4,3700,1200
какой,2,140,5
стеклопакет,6,110740,1861
металлопластиковый,2,260,91
дверь,6,2990,273
пластиковая,6,2990,273
рассрочку,4,9000,1880
калева,4,3380,990
под,4,1590,650
дерево,2,1000,390
стоят,2,1600,390
веко,2,880,260
откосы,4,3800,460
немецкие,4,4320,1620
акции,6,4800,600
класса,2,320,260
ключ,2,590,260
хорошие,4,1110,380
ламинированные,4,1440,380
лоджия,2,1300,170
куплю,4,19200,640
подмосковье,2,590,110
цвета,2,320,110
новосибирске,2,1600,170
нижнем,2,2900,480
новгороде,2,2900,480
запотевают,2,590,110
екатеринбурге,2,2400,91
роста,4,4473,2458
уход,2,1300,170
харькове,4,10800,216
запорожье,4,3200,490
казани,2,1300,110
санкт-петербурге,2,2400,140
кбе,4,7800,1690
омске,2,880,91
москитная,2,1000,110
сетка,4,2600,201
метало,2,1300,91
расценки,2,480,140
металло,2,49500,170
пензе,2,480,110
томске,2,720,110
челябинске,2,1300,91
хамелеон,2,140,46
калининграде,2,480,110
ярославле,2,590,73
оренбурге,2,590,73
калуге,2,720,91
salamander,2,880,210
твери,2,480,73
перми,2,590,91
плачут,2,480,28
астана,2,720,260
википедия,2,110,46
кирове,2,590,73
волгограде,2,880,73
королев,2,480,210
стандартные,4,3200,332
шторы,4,3400,980
утеплить,2,590,260
одессе,2,2900,91
орле,2,210,73
зеленограде,2,480,73
люберцах,2,390,73
во,2,170,91
владимире,2,170,91
не,2,2400,140
дорого,2,2400,140
элитные,4,2720,600
минске,2,880,110
акция,4,2600,256
курске,2,260,73
низкие,4,1320,530
клапаны,4,1180,201
приточной,4,1180,201
вентиляции,4,1180,201
устанавливать,2,480,140
саламандра,2,390,73
подольске,2,590,140
картинки,2,320,91
энергосберегающие,4,3380,1210
лобне,2,210,73
вредны,2,480,110
ли,2,480,110
сок,2,91,22
ульяновске,2,480,36
распродажа,2,1300,91
мытищах,2,390,73
караганде,2,260,58
текут,2,480,91
сравнить,2,390,91
костроме,2,170,58
gealan,2,260,73
своими,2,1000,91
руками,2,1000,91
бывают,2,170,73
серпухове,2,140,36
trocal,2,210,91
скидка,2,2400,22
днепропетровске,2,1900,28
ижевске,2,390,28
proplex,2,260,91
отлив,2,91,12
реклама,4,520,89
жуковский,2,73,36
таллинне,2,110,46
нестандартные,2,390,170
архангельске,2,170,36
панорама,2,210,73
описание,2,320,73
wintech,2,110,73
каталог,2,390,73
рассрочка,2,2400,91
лоджию,2,1900,170
schuco,2,320,73
фаворит,2,210,73
саламандер,2,320,110
veko,2,720,170
караганда,2,260,73
почему,2,1900,590
потеют,4,3800,910
выбираем,2,170,140
московская,2,720,170
область,2,720,170
рейтинг,2,480,58
зимой,2,880,140
по,6,611,279
низким,2,91,73
ценам,2,91,73
смоленске,2,260,36
скидкой,2,2400,390
немецкий,2,140,91
кве,2,480,210
монблан,2,320,140
белгороде,2,480,28
однокамерные,2,390,140
рязани,2,390,22
эстонии,2,73,28
пластик,2,74000,12
без,2,390,91
установки,4,3290,119
российские,2,170,110
ростове,4,1390,86
новые,4,960,340
строгино,2,140,73
ставить,2,880,91
бу,2,590,58
статьи,6,1960,355
оборудование,4,2000,62
аттик,2,58,46
хмельницкий,2,140,28
шуко,2,170,91
уфе,2,1000,73
дачу,4,9000,650
отрегулировать,2,2400,720
регулировать,2,8100,590
современные,2,260,210
сравнение,2,390,46
экспертиза,4,288,70
магнитогорске,2,170,16
виннице,2,390,22
дилерам,2,320,46
фирма,2,1900,91
тиссен,2,73,46
петербурге,2,4400,12
правильные,2,390,36
виды,4,1780,526
оптом,2,390,170
деревянном,2,1900,390
доме,2,1900,390
завод,4,3490,526
трехкамерные,2,480,210
германия,2,170,58
питер,2,73,28
производителей,2,2400,170
балконы,2,2900,58
замер,2,260,140
питере,2,73,16
доступные,2,22,16
краснодаре,2,1600,73
aluplast,2,170,46
ролеты,2,73,22
фирмах,2,320,170
комплектующие,2,1000,36
ногинске,2,140,22
домодедово,2,480,140
квартиру,4,3990,460
астане,2,720,110
верея,2,58,36
хоббит,2,28,16
витраж,2,480,140
тюмени,2,720,46
чем,2,720,260
мыть,2,720,260
коричневые,2,720,210
гарантия,2,260,140
рольшторы,2,170,140
свао,2,110,91
донецке,2,1300,46
саратова,2,1300,16
красноярске,2,590,28
металопластиковые,2,3600,880
евро,2,27100,590
арочные,2,2400,390
панорамные,2,1300,320
алюминиевого,2,590,320
наши,2,1000,170
природы,2,480,140
дерева,2,60500,1300
мансардные,2,18100,3600
алюминиевые,2,14800,2400
москвы,2,8100,28
пластиковие,2,140,28
pvc,2,90500,22
рольставни,2,2900,1000
типы,2,1600,320
производству,4,520,206
компания,2,260,36
cтеклопакеты,2,140,140
